1001,Verna,Tassell,676116922773455293,5893791781888006
1002,Gregoire,O'Mannion,6387098471586564,491143523377949482
1003,Cristina,Trewhitt,3553393970892687,5007660009428486
1004,Tracee,Cunniffe,3538724289979908,5602252256474584
1005,Caddric,Pillans,6390040091556648,3571409645685989
1006,Petey,Barthelmes,6374759415064142,6767979823667030
1007,Georgi,Dyet,3587789766773769,3584139122092251
1008,Melissa,Lamp,3568115180674214,3547000927189021
1009,Xenos,Lambersen,3540160837396905,30593431539137
1010,Bertram,Godleman,201632410619305,3554688832297770
1011,Wynne,Haversum,3557295476705931,3554216238730523
1012,Augusta,Prier,3568955878614836,3560730051976106
1013,Kathe,Banat,30024362054995,564182485546094028
1014,Artie,Andrei,201979224316515,3546090660983053
1015,Ruprecht,Burgise,30021397901539,3573547370166135
1016,Lorine,Barmby,5100144554343297,5018814335994458
1017,Rutledge,Sikorsky,5100174182225699,3584998525557420
1018,Roderic,Blew,201531095091147,3538898514415100
1019,Nerta,Mitie,201850860353197,060451238428070001
1020,Jaquelin,Crush,3535092091265707,3548658187114309
1021,Annetta,Rosander,5602244140229323652,30146545539004
1022,Linc,Senussi,4905962601946972,5602226222216832
1023,Abba,Williams,633372102377019908,630496877884034923
1024,Elysia,Oaten,30072526650679,3543017705571273
1025,Hilario,Kleinpeltz,3564679811864050,5568608636352588
1026,Gordy,Ferryn,4017953434613280,30066657168261
1027,Idell,Breukelman,5108752624401127,6759662165516227
1028,Thom,Skep,3548017548339677,4041598820230445
1029,Axel,Foran,201769908413369,5602221239769378
1030,Chaunce,Brecher,3537694612577763,676267848847344253
1031,Kassi,Bernhardt,3567346489130944,3571713843882078
1032,Florinda,Pinnion,3549694446090153,5100138814934556
1033,Cordell,Dods,5100132052293254,3553441536328058
1034,Barby,Wixon,67099190974882946,4645875500653082
1035,Reeta,Bergen,3539907530057330,3581325773018330
1036,Almeta,Michelet,201920061509242,3582367993703373
1037,Ferdinande,Tydd,3553578103337812,3570133131250832
1038,Gabrila,Dettmar,4508236702186403,6759517388522537
1039,Eloise,Darey,63045705160760574,370475714562309
1040,Gardiner,Darrell,3553499934749911,633411066584952222
1041,Brandie,Giottoi,3576732489577854,3547178882187154
1042,Cissy,Isacsson,201909491457650,3557408164395820
1043,Dosi,Rycroft,6759123158134754392,3538372818214114
1044,Kirstin,Goody,3573505278324065,5038885375873295704
1045,Brittan,Clews,6331102874665848,5641822890087585002
1046,Caren,Barrasse,675953259333705539,6763763371417098398
1047,Nero,Downey,5007669168203150,3534331330356559
1048,Dell,Simonnin,201764096623416,67623070988715834
1049,Mara,Oddey,3549504328428951,3555800387268275
1050,Seymour,Warricker,5038602424547295724,3538998273697011
1051,Ailbert,Beakes,3537302708979600,560225806110820372
1052,Davie,Deinhardt,5048376033423820,3549793784704662
1053,Esta,Lecky,6759129428692885597,3528985514995983
1054,Barris,Richie,201549227149070,201526727239536
1055,Rudd,Ricks,201693352429558,4913602258725879
1056,Shepherd,Etheridge,5482672332256447,341356742370400
1057,Carree,Woffenden,3551741455974226,490321927109715986
1058,Sauncho,Mankor,4175002347059658,5007669571735285
1059,Tedi,Mocker,63043664363790593,374288629453563
1060,Jocko,Shepard,3555896913231357,201807379569648
1061,Dennie,Preble,5602258194742677,337941467958046
1062,Brenn,Belasco,5641822880114854158,374288213608143
1063,Tami,Boagey,5132771836975629,5513905282859205
1064,Bernice,Ethersey,4017953849584233,3552074631694974
1065,Helge,von Hagt,5100149311687530,6762373526924844394
1066,Florencia,Abeles,3561278414377702,3558971395424015
1067,Anissa,Skaif,3560431016609540,3563915987540517
1068,Thorin,Moncarr,4508594078535854,560223278545097715
1069,Ulysses,Markussen,4870317072710111,3572443168197808
1070,Marti,Nunan,3546275178176932,201627500620585
1071,Nanny,Daniello,3569795303642138,5516193205566382
1072,Adelind,Lightbourn,3569059175836058,3531165098244943
1073,Mick,Dumke,633333188178747456,5010124008209897
1074,Doralynn,Tayloe,5610465432766562,4175004414250228
1075,Denni,Romanini,6331108377552340859,3575322824482902
1076,Bruce,Kurton,6333794562886433422,3538233424905216
1077,Patrica,Van de Castele,3569331515774285,3549028459539840
1078,Delly,Chretien,3569184193480216,5610187306652336
1079,Nathalie,Rabbatts,3574776104015941,3567340101676004
1080,Pierette,Whittam,3584005188828831,6767527254018460
1081,Kyle,Chad,5002357920575991,3576811068511342
1082,Alfredo,Guiducci,491120932878509447,6371259201446374
1083,Piggy,Kubal,3542303811806709,3584051965411318
1084,Morie,Scole,30458050021173,3560874507780256
1085,Emmy,Burgen,372301566383230,3573861723629495
1086,Merridie,Tremeer,3531370333873247,3534936209437890
1087,Gena,Hanwright,3565595096954235,5602238695036415
1088,Vic,Hawking,3567683843438153,374288972904030
1089,Marcella,Gager,3578360105698520,201773798568852
1090,Timotheus,Arpin,3546997687736951,3540873380443029
1091,Lyndsey,Lelande,5610029984521898,201586415496665
1092,Thayne,Ellerbeck,3548757883972570,3575562583924194
1093,Carole,Marples,5002354762394797,374288011285219
1094,Margarete,Asch,3565621112339647,30348615147946
1095,Wilfred,Janek,677160186963963077,5602240141194111
1096,Fin,Straine,3544754147575293,3572275188182406
1097,Samuel,Quince,3576366754497074,5505643151515067
1098,Fredia,Veale,3544338547289406,3567037840782040
1099,Valentino,Hultberg,5893279267025071194,5100138429458918
1100,Georgianne,Lewsey,4405605299206929,564182464717811510
1101,Cathrin,Maypowder,201907444762721,4405369504682016
1102,Adolpho,Glaves,3535936371644363,4917855079313988
1103,Anabel,Corselles,3529844337634403,3537377999969825
1104,Antonie,Mawhinney,3536808814234970,4911009944460832
1105,Andras,Hayhurst,3545338067415745,6767482300847977
1106,Rickard,Alessandrucci,3571018039939405,3542836936806070
1107,Mackenzie,Talboy,3576149816633351,3580103915395341
1108,Poul,Poser,5002351159291719,6759255033710872
1109,Quintana,Vassie,6709376265604383187,564182389655863704
1110,Shannon,Murrigans,3569090537570382,5254190742001226
1111,Sylvia,Wotton,6399978173413306,3554635187911687
1112,Candie,Barhams,3538582199012214,3564167023632002
1113,Selie,Dearn,3570096199729817,677194085714297696
1114,Joyan,Castillo,5100170305303942,56022303033826011
1115,Say,Weavers,3574850371099027,675964681374232577
1116,Vanny,Wallace,5100171320776864,4026292933128279
1117,Humberto,Louthe,5100139763518861,30291628118662
1118,Abbie,Howgill,5002355242443419,3548207285262162
1119,Cecilio,Anthiftle,3542120927977624,3549186414272350
1120,Gabriel,Tunbridge,3566690709911018,3537876867107590
1121,Marleen,Bolgar,201700079929628,3544563236533034
1122,Franky,Havercroft,0604130810943618,5610597456110572
1123,Weidar,Tern,3580632128799246,30558978666221
1124,Bird,Whoolehan,30292415472924,3545447420609579
1125,Danice,Temperley,201885919702259,5602243436493297
1126,Kellsie,Billam,3577243029381004,0604353163543599318
1127,Warren,Yockney,30232599116996,3540690207612895
1128,Ferdinanda,Scoble,4026200146950967,36507717688404
1129,Vincenz,Mudie,5602212158847345,3543711588809814
1130,Dodie,Barter,5602258087307521,4041371333533642
1131,Athena,Mudd,3584185294161697,63048714002287124
1132,Alvera,Rodger,374283177831179,3541031231121802
1133,Tammara,Stucke,4017956835268,3529023371368661
1134,Cacilie,Escolme,4911984010661311723,3539981827173571
1135,Brnaby,Gloves,5477476050874002,3566876700255733
1136,Ev,Roth,3580850685639825,4405874740162566
1137,Lotty,Simpole,3568460257499065,3568686501821387
1138,Joellen,Vasyagin,4041597838065108,3573839662472259
1139,Estevan,Callinan,201421967886602,3570045175667046
1140,Silvie,Dobbinson,201403887582768,56022385987315513
1141,Horacio,Craister,5591434430908967,676706769978698334
1142,Silvano,McVane,374288830355086,3532200333398318
1143,Arlyn,Weddup,201969983066187,4508096433855050
1144,Evania,Badam,5020403897162468,5610857997801471
1145,Athena,Alsford,6771237189931775692,6331109520110021359
1146,Tommie,Ivan,3529769542992108,6759370841986639080
1147,Rubin,Napper,3543534775495878,6767141819377856
1148,Estella,Brusin,374288418901376,3536229578814701
1149,Vivyan,Wardley,3586406951857155,3547687352659617
1150,April,Crackel,201728290642647,375985811874675
1151,Chandler,Stefanovic,3580265481434935,201567652928461
1152,Sunny,Stennard,561039486414229812,6304261946967259381
1153,Beryle,Benkin,3584363222289779,3541993673879603
1154,Joya,Ridolfo,564182289275225542,67066442408669657
1155,Thacher,Smithe,201455955599744,3543014075534791
1156,Fred,Fairbairn,3534826978830674,3581408624107955
1157,Shaw,Jesson,3548388843724891,4041378054886
1158,Millie,Edel,374283922543509,30492601759536
1159,Dagny,Emsley,3553010580000002,3580324590512113
1160,Virgina,Atty,3539648892878364,3564793252136751
1161,Edd,Welford,3539187653731447,5602217080587034
1162,Marianne,Klauer,3542579126435454,50186058561231662
1163,Reinald,MacDwyer,3555111798575468,5602243244170103
1164,Arlinda,Forrestall,3540203634096300,3587694883837648
1165,Garrik,Edinburgh,201486388514695,5343709984180589
1166,Daphene,Bridgman,5893617031135236936,3585278236319934
1167,Nathanil,Ellcock,50181118606321152,3543232528555318
1168,Sven,Llewelly,374283639714963,4175008423019052
1169,Joly,Dearman,5038782070701592,201633344814830
1170,Abbott,Detoile,6304581593077461425,3535462378030456
1171,Giovanni,Petrovsky,3558623595205591,3567404097844610
1172,Storm,Meenehan,6759312773673867,3578975900296111
1173,Netty,Struss,5610291475220976727,67064771448781854
1174,Christy,Bradberry,490341585173757536,56022324018121590
1175,Margaux,Casone,3531750889181907,3548308186677613
1176,Cyndia,Rapi,30420357156623,3562161788155921
1177,Brion,Barensky,201904278431523,6709383628618317
1178,Tabatha,Cowitz,4175001567271753,3561634895571223
1179,Alana,Wiltsher,30343208183556,370080949833986
1180,Monro,Durrand,5582962146656364,5018032221058912
1181,Andrea,Waeland,4508454084731940,3547675386122918
1182,Gideon,Eshmade,3550874382337729,201442388091887
1183,Claudina,Aspel,4911219073202685333,630405574566678230
1184,Eugenie,Twizell,3550923430704164,501823536183646533
1185,Lily,Backes,63042465559029148,5602236378819776
1186,Saree,Baukham,3576644222317953,4041593916184614
1187,Gerrard,Antoni,3574327202250640,4405449667965695
1188,Ros,Matyushkin,337941597177525,3531501880363501
1189,Hanny,Pelman,3586085910189932,501885438536338782
1190,Sandy,Campione,5610119354514753,3535387207236232
1191,Monti,Offill,3589017022776501,4041597977386265
1192,Martainn,Balducci,371533587386864,4026468614209501
1193,Dayle,Harrema,5610172316324324,30261269260156
1194,Chrystel,Brixey,3540729089595958,4405332286524798
1195,Debbi,Fowley,4041595900408,3574829772379717
1196,Amaleta,Quoit,3543126375551216,3571359137360700
1197,Juliette,Carlisso,3561885149074113,3532061588968316
1198,Jacqui,Warrior,5010121891725740,3558984985747521
1199,Margaret,McDiarmid,3539589914294828,6759210056271424510
1200,Prudy,De Banke,4017955831516,3555553165158586
1201,Ulysses,Straniero,4175009458303163,4936932332291248707
1202,Eloise,Brehaut,3534876254127865,5007666737283192
1203,Kandace,Kaley,5602249998766035327,4903359377844196
1204,Maria,Birk,3529951749502126,340251997496094
1205,Odessa,Kleinmann,490370452348714849,5602234209497623
1206,Stearne,Wornham,3541164326889742,3561501296651260
1207,Joelie,De Courtney,4911620744789053,201784554803359
1208,Renell,Drinkale,5602237334665493,3545823586166754
1209,Nicoline,Dahlman,3564638635049553,3589287363294766
1210,Sherman,Henkens,3572158465067088,4936371163374149
1211,Olive,McConnachie,6771301990003879,4175005300038767
1212,Vin,Reader,6709838231783648842,3571068033492893
1213,Steffane,Rustan,3570376934554757,3585057143842828
1214,Eda,Pantry,379399496897058,30363273311437
1215,Abran,Lacknor,3551795872117454,3536721957838814
1216,Pauletta,Warriner,3567482043659290,3537039681003996
1217,Staford,Muddimer,5100175690243314,4405480827028025
1218,Dav,Sennett,5602216125497621,374283003089901
1219,Filmore,Kivlehan,3576173029414037,3548069911975983
1220,Gusta,Dooney,3562931408114213,6763331493513381149
1221,Beverie,Heamus,201913735276116,5415132185975314
1222,Jard,Farlambe,201872972140502,3583529461336767
1223,Trueman,Dosedale,5602250651551869212,3536988704711921
1224,Fields,Wardington,3551956252360011,676318086158180912
1225,Barrett,Pierrepont,3558002275028633,633110223368394139
1226,Cody,Jonathon,564182244983748426,3545979720817296
1227,Eward,Casbolt,4903843020388446,5007669184263030
1228,Vera,Jaumet,3543706016984528,3531172981288607
1229,Odelinda,Graham,3569533638271087,3561220771851291
1230,Kalila,Tuma,5431084994071423,3549197880002361
1231,Lonee,Paffett,5010123485860438,3572042244255844
1232,Delphine,Crocetti,4844201045703036,375487962608184
1233,Morganne,Bengtsen,3538547445794360,3538973167077133
1234,Dosi,McConnel,3558087652173102,5610776091970927
1235,Geoff,Iredale,5100145465481548,4026645569340445
1236,Kore,Tarrant,5048379289624208,3556931951003662
1237,Whit,Artinstall,337941731913272,560221391390028305
1238,Sim,Danilovich,3560335811611173,3540684722358621
1239,Nikolia,Treherne,3551389001631898,6334921814786906351
1240,Adriaens,Gagie,30233180265648,3529059434654952
1241,Rozelle,Fried,3580770064339179,6767846239464171
1242,Hedda,Oliff,67593333731375439,5007665913658565
1243,Parnell,Turtle,3587830314454351,3554721563608392
1244,Giusto,Radley,342319593657712,375918315812669
1245,Ira,Pummell,30039603008634,3583712542989511
1246,Nessi,Lampert,56022577105625118,3570259538469285
1247,Dore,Origan,5010120065865423,3569836728732938
1248,Ines,Langan,3558486553926222,3554485064454439
1249,Anna-diane,Shivlin,5580446896016674,5002352167788076
1250,Sophi,Ozelton,3571901792262802,5602224727980861
1251,Ware,de Mendoza,3564981546761530,201500747652929
1252,Jarrid,Mapstone,675999615502936849,5100140512101785
1253,Suellen,Grinstead,3553909212462680,3554028349121389
1254,Corbet,Borleace,5010123855096829,3580067069228741
1255,Gwenny,Geater,201462673462254,5530064275919656
1256,Zach,Brinklow,3538819451551855,30361781151907
1257,Lonnie,Oldcote,4026551364747034,4175004226391160
1258,Renae,Ehlerding,3540314253960971,5602236837202417589
1259,Manon,Vasilechko,3545262389880875,5602252760776425
1260,Alexandre,Boldt,6387897539695758,3549998993506739
1261,Geri,Larret,6762587523579575383,6377850040484842
1262,Jeramey,Leborgne,30357146582380,3579209509509180
1263,Stavro,Jost,3558958747644739,3537039171413291
1264,Allistir,Hacquard,3544837561376064,5103720646274405
1265,Annmarie,Brik,3561738126872431,5602225122509965
1266,Terrence,Blanning,6767074934402806,3546195869355589
1267,Ciro,Gallaher,5323232772235725,5007663531770557
1268,Jammie,Simioni,5108752213952670,6373310139848831
1269,Melanie,Matokhnin,30221101327266,3575394332075734
1270,Amos,Marten,201598637643859,3564150650785004
1271,Sutton,Gallyhaock,201673226165455,4175000618720388
1272,Hugo,Murricanes,5020605515351246,675951473428949702
1273,Fawnia,Bairnsfather,3580051467445313,3543364003475215
1274,Immanuel,Cayton,344559620176826,3533808861946214
1275,Mayor,Livezley,3543989634128435,201779309930291
1276,Lucho,Twelve,6706320626266718,6759768676077805
1277,Kelsi,Walkey,6706722730668558,3587470436541379
1278,Giusto,Le Page,3535794082198116,5274585850280718
1279,Jenna,Duker,3548372946998958,3576706466919339
1280,Chevy,Dominka,3550676165722872,5602214228071468
1281,Hestia,Martyntsev,3575577323835906,3551202971833594
1282,Isidor,Heinecke,6377604532710697,3578736522146773
1283,Mohandas,Roston,3545998790575972,345594487963981
1284,Madelaine,Grier,3537918598888997,564182876630794806
1285,Abie,Lineker,374288623957429,3532398451283617
1286,Betsey,Pelzer,3535626876379439,3573546689887043
1287,Munmro,Ioannou,5100177467816850,4913887148700717
1288,Cleopatra,Gowanson,3538018869817756,4175002037707988
1289,Brianne,MacAlaster,630447140441174918,3562498415508175
1290,Ashlan,Trassler,3539579718891424,5602241126246084016
1291,Bernice,Trimby,3543966508166931,3529299115694626
1292,Cornelia,Lucus,6706324371323260,4405421211971651
1293,Wynn,Hammelberg,3530403852382497,4917755151096644
1294,Hale,Devonside,3569430903622245,3565455941144997
1295,Binny,Melburg,5433780904687277,3567223891163203
1296,Jillayne,Galle,3569284479647932,6331102640330024
1297,Bealle,Beswetherick,3563481351778597,4175001646265636
1298,Gerome,Kynforth,347142071443131,3584639209913832
1299,Nita,Scartifield,6761259449541670335,5590059322133720
1300,Nikki,Raoult,3587674863136609,30345611139232
1301,Blithe,Izard,3549719580861703,67631839102528939
1302,Boyce,Lavallie,4175003319481193,3546662641940558
1303,Bud,Biasotti,340301459205218,67092555168599174
1304,Leonie,McCue,3528983026675912,4936490472895463874
1305,Nissa,Deluze,5359334182548965,3569599599580378
1306,Maegan,Stickens,5038878149975165,3568686457156762
1307,Bathsheba,Lightbody,4041597141334720,3582542447037616
1308,Rhea,McKeown,3580954370796427,4913375470462734
1309,Leanora,Turmall,3585147934355542,3558775594349992
1310,Hilly,Matherson,3554534400062123,490523980921145219
1311,Tildi,Peer,5048378094183046,4017950084009702
1312,Timmi,Kordas,560224307373784968,372301145475069
1313,Edythe,Strongman,3573064338782417,30542086637225
1314,Laurens,Decent,372301680053180,6374475477655483
1315,Delano,Schoenfisch,3559640559938230,201875756672483
1316,Zeb,Capponer,201725813722211,343762016820376
1317,Morena,Kinahan,3564435237263520,30453255361318
1318,Howard,Badrick,4917841045322519,5610769013835500
1319,Kenny,Latter,5610624274852621,3582283709867420
1320,Fernande,Marjanski,6709511307134913,3536227231162492
1321,Giorgi,Harrowell,374288434467444,6381326787337109
1322,Guss,MacCambridge,4936903411675188492,3545278597330859
1323,Nerti,Le Maitre,5048373074773593,676763305149790526
1324,Tawnya,Druce,3538491824085647,5100138046722811
1325,Josephina,Pernell,5602237442357348,5161103269488165
1326,Hendrik,Jowitt,3536013864020367,6771131137318934
1327,Flynn,Robion,3581147159765791,5602253194000184
1328,Jarrad,Manwaring,3553559651473647,3576863436650864
1329,Fania,Riolfo,5002351299342117,3582928620216863
1330,Correy,Attow,3585199637732972,3538807199340764
1331,Kristofor,Minker,5574721392675571,201805087788666
1332,Karina,Risbie,5610323538344174,67718740851630908
1333,Ev,Saltsberger,3585465912860113,3537304639725565
1334,Holden,Grasha,3554010710916845,3559365677363224
1335,Donal,Stearns,50188326937243853,3586972736207537
1336,Court,Jepperson,5602256653091461,5602210544677681
1337,Wilone,Glison,5100131938184208,3551321181745883
1338,Boothe,Ewart,3580938208962848,3588593055451130
1339,Waverly,Quittonden,3553430591434778,5448708753632733
1340,Derron,Ewart,6372953000656329,201443498299493
1341,Cam,De Maine,3563542151815606,3531404477068635
1342,Diane,Scraggs,3584100924483692,3571427358557419
1343,Windy,Doohey,3589912152356829,3531078180972059
1344,Morten,Lidgey,3552441228542496,5038935323178840
1345,Justin,Stainbridge,3585056376769369,3547220724383839
1346,Jerrine,Magner,5602226661241473,3548804496990969
1347,Reine,Pollastro,676349846946130815,30171530550139
1348,Chelsie,Ratazzi,5602236376305588,3589271513877852
1349,Riva,Grono,5437101995617436,5471244007513685
1350,Lida,Pullan,3554219305829988,3571095261320132
1351,Herbie,Chieze,3571834782713130,6394216466847756
1352,Deni,Westell,201679107308007,343750112367244
1353,Bar,Filipov,3541836936908695,5048377755850828
1354,Beilul,Wallbank,3529711216168102,5100179435775945
1355,Horten,Honeywood,3544613151326615,6304065599268703553
1356,Davon,Downer,5602239129847435,5641828597554825522
1357,Morgan,Ivashechkin,5442617597051529,63049488555300191
1358,Hilde,Downing,3551092926560701,3530420501408150
1359,Peirce,Marvin,3561113849395559,5002355282044283
1360,Blinny,Linch,3568581515794425,5544236622945741
1361,Merrile,Cady,3570382999233766,3529583214780059
1362,Berke,Edwin,3531917893127560,6372730265547066
1363,Tara,McCarly,3571698445749959,3538632460669372
1364,Colly,Yeats,503898184202383998,3534484779200174
1365,Bianca,Zavattari,3563413437787417,3535820276364436
1366,Emile,Lowndes,56022568685070189,3570810677835197
1367,Ferdinande,Bolens,3587914513637469,3556646423588948
1368,Fifine,Cornfield,3556573146823370,5507848597658532
1369,Barde,Tollady,30011682000725,560221662104442200
1370,Ephrem,Dood,3574793688480995,6771041605140944130
1371,Lemmie,Breckenridge,5602216584224003,5602222815663415
1372,Magdalene,Ovendale,4911941857163604142,201454384651358
1373,Sinclair,Lawrie,4844465155704734,3541124834042630
1374,Ashleigh,Pauls,4026619895306537,3536658195621513
1375,Beatrix,MacCafferky,5447211067407786,3539008838403654
1376,Rodina,Reddecliffe,5400839093472872,3574185705544301
1377,Cece,Pfertner,3589732539450412,30084952250312
1378,Alexine,Cogdell,5398976449821040,3548237080734354
1379,Moreen,Crannach,5602234087768608,3568606770990564
1380,Moise,Greendale,3539330227643041,3556463111142271
1381,Gale,Knightsbridge,5610870797764200894,676799463379852991
1382,Danyelle,Quakley,6759954206217562,3558721374038637
1383,Sheree,Gilyott,201890215214504,3534087167323233
1384,Patrizius,Calverd,3554077032134118,3571425296306691
1385,Olympe,Rozanski,6374355803889792,3535140376260446
1386,Devin,Beake,4905015970590176,30093458406062
1387,Erina,Spera,3534601587220421,3565103237176949
1388,Jackson,O'Gorman,3573177388527787,3532929641933412
1389,Cathrin,Ladewig,5602214997013337,3568510199371978
1390,Elly,Kopec,5007665048960340,3587141887181854
1391,Lefty,Haggart,3587599903812432,3585470684942222
1392,Leda,Buckler,3589562712543950,3569446243112168
1393,Fidelia,Swiffen,560222344749006703,6771819346237040
1394,Cullie,Wreak,3557283691708922,3539602091332228
1395,Donall,Mulbry,3537919970352156,3588408300954285
1396,Eustacia,Lorand,3587670363914271,5602215815401794
1397,Fred,Sallan,670624363705746749,6384791612118858
1398,Corabelle,Bowdrey,3572796613630404,4508888644662535
1399,Beilul,Drennan,3543239522510595,560224080662612980
1400,Jayme,Anthoine,349420562138958,5602227426034369
1401,Jo-ann,Quesne,3528914243013207,3556272611727964
1402,Damara,Sterzaker,3570896090087268,346983195716998
1403,Clare,Manhood,3569146035739505,201871959823122
1404,Jeremiah,Warbrick,5434751955638476,3563797470326327
1405,Ketti,Fansy,6762394672673631,3543516074024780
1406,Karon,Cordoba,5020411357891773,501806947847168379
1407,Saul,Roubay,201717586810364,3536249398061002
1408,Susanna,Vail,4175003692684306,490392200801488136
1409,Tamqrah,Jahns,3558718490168645,6304118420897615596
1410,Kellia,Carslaw,5602250748467968,337941353161655
1411,Orrin,Scales,3582782686944474,3557208030308753
1412,Olympe,McCurdy,3581062458979649,4026364084112756
1413,Rick,Mushawe,5018651643005877143,3559736179607005
1414,Rahal,O'Longain,3553767733521594,3538620028534931
1415,Marlin,Bretton,3543444081937698,3541289709985625
1416,Travers,Drinkall,3531757373814794,4041597395698
1417,Kimble,Crow,5610835168770634,3542428603671076
1418,Broddy,Gilsthorpe,30526499507471,5602243722771398
1419,Zaria,Bartelli,3572668022367656,3568191384626268
1420,Cleve,Vasic,3552271002144551,3571523633034974
1421,Loree,Poxson,3580309566124555,372301709915963
1422,Dell,Marney,4026927492029430,5450757907183858
1423,Douglass,Freezor,5602255989102577859,490518784856348567
1424,Scot,Bunclark,564182992044421538,5602259670884280
1425,Christian,Ramalhete,3569018029111928,3581186304086620
1426,Meggi,Jeggo,3580591154182729,561057772870436273
1427,Raleigh,Pays,201867428376692,6334581685525978153
1428,Sonnie,Peltz,4041379643422,3574673395663374
1429,Valaree,Hryskiewicz,6304984326551324766,4405951769938546
1430,Jose,O'Crevan,3568108354387879,201640449211291
1431,Carmen,Coveny,3576337792330619,4508927726381182
1432,Kerby,Dunniom,3531053569908339,6762151856344468377
1433,Juanita,Stoffer,676751567600681718,63047057186353424
1434,Mariette,Costin,3555587300078598,3581638236709935
1435,Errol,Gibling,3543316283425146,3587543196904449
1436,Colet,Ionnisian,5002353629455569,5127057846013453
1437,Fabio,Chrichton,6759270402120363,374283642398127
1438,Solly,Sidebotham,201462656785267,3580114238818265
1439,Layton,Ferrier,3528797501778789,56022547241486741
1440,Jermaine,Grimsdale,6334843907098831,4041599709821
1441,Claudelle,Corro,3566057855887980,5893807404920933
1442,Elfrida,Pichmann,5100172608796160,3582448694472433
1443,Pacorro,Ferriday,502088600931066333,3552454210800137
1444,Caleb,Cammis,201720929082717,6331109750688736365
1445,Katheryn,Huke,3576724297651930,5602254710340062
1446,Cale,Beves,5582274127960231,5100130150677907
1447,Lyndsie,Lindman,67094031357166066,3553240860010062
1448,Nikos,Boswood,4041372686702495,201921063534642
1449,Angeline,Bricksey,3540445420988170,6763375444706647538
1450,Abdel,Peyro,30542847406951,3529753517848602
1451,Ted,Denecamp,3546074268097649,3545065263435181
1452,Cahra,Mc-Kerley,6396138186674765,374283279373450
1453,Elnore,Davley,3584814138020732,3559355010383252
1454,Emilia,Phippard,36388768421627,4026684288024238
1455,Adina,Kennea,3559727237419137,5002358751085860
1456,Pincas,Charopen,3588119104849254,3539567577955463
1457,Sabrina,Klass,3572841041519033,5259848270208761
1458,Raquel,Whyborn,5602236028073618,374283549498319
1459,Shaw,Faithorn,3587354347384113,30484039701081
1460,Huntington,Eake,201505130689990,3532862082316419
1461,Corrie,Boyn,5893910360972912,201681453134367
1462,Bria,Robart,201631115965773,5038998693427536
1463,Larry,Jancey,5401462556900591,3556798348882177
1464,Esmaria,Bollam,3545080525971865,30141294026386
1465,Alastair,Moulder,4905479358944746,4844217575664745
1466,Gerrard,Burchett,6706290546217016689,3529705958812901
1467,Nanci,Fosse,201951822929890,5100140275961185
1468,Timmi,Canas,3542126129247260,4905793069826699
1469,Wilhelmine,Bartomeu,4905952247073405368,3540497161741052
1470,James,Bruckman,503828675266563560,5437751889695581
1471,Donall,O'Sharry,3574483550715062,3542291560728978
1472,Celia,Gaudon,50186651758786165,06049089527741386
1473,Rance,Brecknell,3555699467696136,50183290460865968
1474,Colver,Von Salzberg,6762068911064840,3536544432077000
1475,Celka,Kaiser,3579401796858699,3553355050615106
1476,Steven,Jeeves,3569442014176656,5610448850894660
1477,Marleen,Carloni,3530904719121747,4936540131475390
1478,Roby,Brooksbie,201753621664607,201479854439422
1479,Jordon,Paoletto,4917284449878184,564182385743615551
1480,Gianna,Balch,201750362599992,30214315129131
1481,Mallory,Blundin,30085603281135,493615328986216587
1482,Padgett,Brewett,3529268291764412,4913171564896188
1483,Currie,Preshaw,30368248322054,3578311743866631
1484,Carree,Schall,3574099978518910,0604843648737479
1485,Elga,Sawart,676340483568938660,6762737730558494804
1486,Ario,Vernon,5435425501512753,3585486888508080
1487,Henrik,Asif,4936321283134097,5578400565299271
1488,Inga,Mapledoore,5641823146439632,502030339165074775
1489,Mikel,Smaling,3588757457511128,372301585114533
1490,Selig,Ardley,3582055900665823,5020052994668917
1491,Lesley,Gilbeart,30226228482480,5560768738176497
1492,Daron,Cristea,3564225344931980,3536239945202472
1493,Chrystal,Bonicelli,6333027047346273,3571178461375971
1494,Bambi,Ruggieri,4844873170652376,374622539143031
1495,Cullen,Grog,3570841382955145,6759901429928387212
1496,Robinetta,Bennion,5602217794224882,30550915522633
1497,Cointon,Betty,3546578171232309,30173088113823
1498,Abbie,Abramski,3588036612660009,5007662304905424
1499,Curran,Filer,5544835089227632,4041379727923527
1500,Callie,Benninger,3582944374593704,4017954517280
1501,Eydie,Osbourn,5100130584456720,3539995587031795
1502,Vale,Rosenblad,3544208154526392,337941018311679
1503,Ola,Evered,4844365181283325,3560415119505747
1504,Electra,Burds,3541762730446809,5602232501635924
1505,Giacomo,Birkbeck,3567232070519382,201818392061711
1506,Vanny,Fordy,5002351415289143,5100132129379896
1507,Bonnie,Philippson,4017952024131,3543105671645914
1508,Patti,Daltry,6331105792606901147,4322904451841460
1509,Trev,McGinly,5100130623566521,3583609605569083
1510,Hedy,Bortolussi,3589551527561810,3572832344578529
1511,Constantino,Standbrook,5602246663765915,3563757786135630
1512,Marlo,Gogerty,5018283024607930,5478834528913357
1513,Ryon,McEnteggart,5893473725026528,6398895924655194
1514,Orsola,Biagioni,4913524172069277,30443085328652
1515,Myca,McQuorkell,3536018300753406,30396418357808
1516,Mariette,Tabourel,5602228462113976,5602210783033562
1517,Corilla,Abrashkov,633308554840706116,3580216632415844
1518,Andie,Drakard,3573897845264613,4017950375105
1519,Pearle,Beardsworth,5108750488350349,5420424708849669
1520,Merle,Sutliff,3529536701441296,6759212649852496903
1521,Faunie,Raithbie,3582667585477819,3554737725972153
1522,Terza,Messom,633413333867143194,3582426855421597
1523,Rochella,Haglington,3555834831995662,4844254039057075
1524,Tully,Krochmann,4017953592912,5602258245057216
1525,Xenos,Aggus,3532131079249003,3564507637917523
1526,Amelia,Delcastel,5610436424043583,4844041821196579
1527,Papageno,McIlreavy,3529982987751505,670967850052864377
1528,Dinah,Franzolini,5360668390095484,3589418717354176
1529,Gussy,Malt,490396748847561932,3559786620800345
1530,Charissa,Sandes,3576331699919392,4911820990178198655
1531,Amery,Bisgrove,30248626397011,3565741744928383
1532,Ainslie,Vassall,201662286978287,6759965483391656
1533,Aundrea,Aarons,5020182908219883110,201717041706017
1534,Hortensia,Pinck,4913830957921073,3559118896531893
1535,Garvey,Tallach,201508241066124,6333359940498673
1536,Zsa zsa,Cottem,3550000971901259,3554582911621267
1537,Gerrie,Cox,5108756510498923,3562594505927612
1538,Rudiger,Cheeld,5610866914171561,5018824307694855131
1539,Bat,Picardo,5501062230750708,373922074227020
1540,Rosemaria,Durling,201787416974458,4905278535345219
1541,Melania,Streatfeild,5048378710076889,3564451676112425
1542,Packston,Butterly,5408758312376536,4917026500296016
1543,Cathy,Bentham3,4041370426629101,5100133604082989
1544,Cosmo,Jira,50383525619854977,4508984091163935
1545,Judie,Older,4508816761956893,3579007653164210
1546,Bret,Theseira,3539622336014126,56022144772885085
1547,Shanna,Nucator,5602227753580752,3554443023030766
1548,Aeriel,Thewles,30139236785135,6759929433090964178
1549,Dalton,Loughan,3574342894158985,30522163339838
1550,Cammie,Blyden,36290226012248,3576601906513331
1551,Editha,Levison,3566978771284418,3570189813142051
1552,Max,Robroe,4844988708341613,5100175041127968
1553,Trude,McManus,3575537368977005,3535331993652582
1554,Zeb,Pluck,5641827732768296571,3537847304753148
1555,Min,Blazynski,201423045442309,3580989083080909
1556,Arney,Gascoyne,3571880668964578,3537884145623388
1557,Bertina,Furbank,3583287625411931,67068181491038671
1558,Thorsten,Scrauniage,3585184404000217,3584720116296584
1559,Gardner,Tracy,5602217460387930,06048489497323051
1560,Michelle,January,5602215107138369,3584397099342832
1561,Nert,Esh,4903983658221401935,5610810368923473
1562,Etan,Dullard,3547229978824216,5610732449651669
1563,Gilda,Ball,5100135100475476,3552696720355958
1564,Orella,Castagnier,30429564023609,4913730705794287
1565,Verena,Janu,5602250159591652,201952174332345
1566,Lauren,Addie,30478575074218,3579212612441754
1567,Haleigh,Ney,3540739895274359,30499267530556
1568,Cullie,McGrail,3555660020664185,633458418806872361
1569,Courtney,Brosch,3547460012737854,5602214552930560
1570,Trevar,Caney,201925839109209,3550894738207038
1571,Humfrid,Mailey,3557242105003171,3573420724999819
1572,Ade,Derry,5602215441881252,4017952704849
1573,Felicia,Biesinger,6762753052186813,3564930732954870
1574,Zach,Ilymanov,3579682508137007,3534446195810951
1575,Cybil,Vanyard,3564492756342409,5100139775652963
1576,Lottie,Graffin,3581120539115326,3532168708298050
1577,Martynne,Lukacs,3587017295295637,6386974264467702
1578,Maddie,Berzen,3541764855779352,3539414300050926
1579,Merle,Hixson,5100132592342264,633110081652358321
1580,Ellerey,Ringrose,4917681532258358,3540127109301400
1581,Valida,Grayshon,3577104720650594,3576412487062163
1582,Perle,Rhys,3558731010913655,3529709994348508
1583,Benjy,Leagas,3557295452769562,6761132600750977
1584,Gilbert,Wheeler,560224998914462021,5602211089079374
1585,Shawn,McGeorge,3562037261353227,6762832612580865801
1586,Alvinia,Blaskett,5048371354956797,67636399615578264
1587,Klarrisa,Sabathe,5464975860640151,3533072412150145
1588,Clive,Wadforth,060491537524345049,5002351848245506
1589,Patrizio,Byrkmyr,201770268683500,4041374833640503
1590,Fay,Allnutt,3582794644055889,3533525628625242
1591,Vyky,Orrow,3549406985143446,5610571960762166556
1592,Rebekkah,Armall,4844730207866629,3547968396720395
1593,Terrijo,Housaman,36510634220723,30526652350040
1594,Rebekkah,Osant,4405905887906975,3551310839607371
1595,James,Bertson,6373969928311218,5100131448790122
1596,Carlene,Halsworth,560221040934594724,670672901120058660
1597,Daffi,Mouton,6767829864857463,30445777127003
1598,Lorette,Brimilcombe,5108757945596802,4844516985494142
1599,Padraig,Melhuish,374288292249918,67612110488818093
1600,Nicki,Vatcher,30298178641316,30175851157754
1601,Martie,Kenelin,3551978477321248,347693936050362
1602,Row,Marquet,201703302889908,5153866670076759
1603,Ardys,Gipson,3581917040061760,30154034979772
1604,Friedrich,Laying,6392222707233402,4917140928830841
1605,Cornell,Polini,30110787721811,3536154208768574
1606,Witty,Gyorgy,3583055114117933,3570668763093893
1607,Dagmar,Stainton - Skinn,3586602490791638,201607718599227
1608,Adolf,Gravy,5010128066837762,5567659182953759
1609,Debby,Ponting,337941939785894,3563473068073628
1610,Lyndell,Petrusch,337941184112190,491155188685131697
1611,Connor,Lohoar,5485769160719046,3565789530449411
1612,Kelsey,Kendrew,3536107513359380,6759814562614713
1613,Morly,Bello,3583774786805670,6374628659037959
1614,Anjanette,Cliss,201845462462156,3558299278367279
1615,Udell,Pendre,4175007215502390,4017954802518
1616,Nora,Lansdown,5602246578473738,5007663682980633
1617,Gilbert,Stollard,501864978151791521,63042558305877081
1618,Mauricio,Ferens,6333822581398564652,30139396519068
1619,Alia,Sambidge,3529554022429098,3575380456421739
1620,Simone,Stoggell,3546802243138223,3578802244168816
1621,Dannie,Emes,30322590915221,3566954149308593
1622,Delmore,Levene,3583063521778875,30429666495184
1623,Radcliffe,Deeson,3566438256583289,50204466598397430
1624,Zachery,Hunnisett,6762098614995865466,5238161201653808
1625,Jobie,Vigneron,560223618555498164,5431680773675878
1626,Georgeanna,Wylam,3589944317886838,3556781161816555
1627,Norean,Blabber,374288818667940,3556883446593940
1628,Elly,Ferfulle,3574549163129964,5610103442043140
1629,Eloisa,Suero,3575713019707832,5602218162616428
1630,Chloe,Sedgeman,3548529575786398,4936819847320725282
1631,Ted,Pencott,30280063740320,5002355260321919
1632,Michail,Baccas,3565436128836761,5602225751648514
1633,Boony,Klemenz,6706912771005352,4903235789510056
1634,Lorrie,Royall,3528618546507993,3588550237356033
1635,Rina,Lowmass,6767684926269358898,4844685134931088
1636,Edwina,Milch,3571145174718706,3535382033704768
1637,Grantham,Biesinger,30095879837692,3529926330866585
1638,Erminie,Landeg,3534155274123521,560222440789389379
1639,Lorilee,Dot,5641826336613588074,676155018427087806
1640,Sharline,Kennler,3540196548114286,3577111132636525
1641,Morris,Baybutt,3546423708225858,4913512851670481
1642,Avrit,McIlwaine,3553353055278798,337941747875119
1643,Innis,Josefowicz,36285991636775,370593199038429
1644,Rubetta,Riccioppo,6304314960417975,5002357392289618
1645,Henrietta,Wife,3528922526582228,5602248114941236
1646,Dru,Yurkin,201772965135552,374283241105493
1647,Rochella,Merriment,4936081278769465654,4508963956253429
1648,Guinna,Mulvagh,3528932919279639,3579229246846455
1649,Ivette,Creedland,3539377382744411,3541767810356786
1650,Joscelin,Amiranda,3564122562925648,5602228113669715
1651,Patin,Denisovich,6771367127001321718,3533762632467861
1652,Lacey,Nizard,3560512954084240,3546738440547081
1653,Elinor,Harpin,633499641956544529,491140657541659800
1654,Sharon,Waine,5010129881041325,3565955144406671
1655,Beckie,Kynson,3585469102665696,6391681836496290
1656,Abran,Simoncello,201642814530750,5893127924337139028
1657,Weber,O'Dempsey,5100172605428221,3574932406440218
1658,Edith,McIlvaney,560224285606934057,50189071083211416
1659,Vanni,Mytton,4041375197537995,36220648037275
1660,Darwin,Helstrip,5108758761268765,3589461375725253
1661,Kennie,Stirley,30070689103098,201642126064134
1662,Calla,Pepineaux,6372842014970893,560222791009069385
1663,Alleyn,Boraston,4913611341328187,201440618210020
1664,Paxton,Ryam,6304803837386666840,3584440165700440
1665,Julio,Theriot,3535037802266734,3582802922427843
1666,Shirlene,Cramphorn,3550511687329684,4388354210509787
1667,Sayres,Domanski,5506541878599480,3540850873192339
1668,Robinette,Jobern,5020249763849187,4911355515934561459
1669,Anatollo,Loomis,5020960506084758348,3552216635544784
1670,Deny,Costigan,3579344900333425,6334627923645799159
1671,Star,Dinsell,5007666729038935,5415537674361141
1672,Mabel,Swindells,3564346437484412,3533129012661986
1673,Amata,Levinge,560221983832759438,201622430342871
1674,Win,Carthy,3581222956386685,6762772268357352390
1675,Addie,Ech,30082957206834,5100130105338654
1676,Jacky,Tomczynski,3544312644038461,201423964826508
1677,Geordie,Stroban,5602243069111315,30041017896117
1678,Sherri,Forseith,6385147110960615,30053101475005
1679,Mozelle,Ortsmann,36599851670264,56022460318202878
1680,Maris,Cobb,5641823294745843003,3572350147550231
1681,Ricky,Elias,374283983114174,3589372153485053
1682,Damara,Bendig,633401718034654202,30298491262089
1683,Lib,Rossi,3550470305979760,3531594038300897
1684,Sigfried,Caddan,3542596489150942,3584447688417410
1685,Randy,Davidzon,5285930422569676,3568104597846292
1686,Bradly,Riccelli,4978830830843090,3548339561222055
1687,Izak,Sharrem,201519360885921,3585250154619819
1688,Shawn,O'Halloran,5100139950827760,3564801236683150
1689,Matthiew,Saffe,4911761582838159192,5295742903042687
1690,Violette,Cassam,5388924052921410,3538967691631399
1691,Jannelle,Isles,372301177615384,4982083229122122
1692,Dulciana,Gammett,5610630165141271,4041379046527
1693,Cayla,Fowkes,3532538720556430,5602233726050063
1694,Lonni,Saterweyte,3556698982144183,5602245249306376
1695,Paola,Benjafield,5100133470834448,3552448705067467
1696,Dukie,Gerty,3562981502828440,3546300778726165
1697,Felice,Golling,201711706874871,5602214926874957
1698,Udell,Mallabar,5291012572395186,3544320248953217
1699,Aloise,Round,4508984456829104,5290397494795725
1700,Baily,Dahlen,201561501517930,3588723186817228
1701,Analise,Tunnacliffe,6767748336883383906,372301442536498
1702,Karleen,Bardill,3574800381619439,3547684985712178
1703,Barr,Gosdin,5108752467248650,201500234656920
1704,Nigel,Grebbin,3541874054425150,3587547848150178
1705,Nigel,Joynson,4017958635652334,3543232559826315
1706,Sonnie,Lawler,3561898901035537,3557572482369450
1707,Duke,Moret,5007661940787337,5211742306355760
1708,Maurie,Gaddie,4917993039133137,3542266638564209
1709,Odele,Mudd,372301126981069,30582969144626
1710,Katalin,Cridlon,3584299726390699,3582744333346305
1711,Anissa,Gill,3566574297640926,5265639644070991
1712,Alfy,Zielinski,4911946963770460,3537313225695355
1713,Brit,Methven,5610441964868043,201929247883835
1714,Elise,Privost,3580775719981218,3549471448024245
1715,Elsie,Tesyro,5641822035071161390,5610340758219142
1716,Hannie,Huggens,337941123476532,4911039734340778474
1717,Conrade,Worvill,3529685637868195,201778873054603
1718,Lion,Dundendale,3581139963858425,370138629324872
1719,Camala,Salvatore,3566296851896641,374622352080658
1720,Velma,Dorrance,3576851701363305,4917180220030518
1721,Bancroft,Lindstrom,201794318624520,3585289014928432
1722,Madge,Kohnen,670965600303006084,5602252145101380
1723,Hannah,Gloucester,337941202614748,3531510986057602
1724,Archambault,Raper,201797195558802,3588869020380137
1725,Alexandrina,Peace,4913270410657628,6388361301720178
1726,Adrian,McLagan,3571933549148711,3541592899725598
1727,Bentley,Routh,4405287111022477,3556931296626839
1728,Sidney,McTrustam,3533674989537180,3548835362962120
1729,Dall,Kleinbaum,3556281110685706,3547692962639744
1730,Rosaline,Wildey,3544159283729904,5602215290635445
1731,Pascal,Charity,3585492375718166,3559096214543891
1732,Bibby,Herley,3564641219439059,374283846274280
1733,Angelico,Debnam,3576001959027745,4508086236364954
1734,Kellie,Drohane,201824733814016,5610478630159142
1735,Cookie,Toxell,4405101312872319,3545554784737936
1736,Randolf,Amori,5540987782682805,6771658078828760
1737,Janessa,Geldert,3533702083001546,4026724148247759
1738,Gardie,Ingleby,3574606807847433,5100176455068086
1739,Allister,Kinsett,6334992140729858,3569934178395577
1740,Felicity,Frantzeni,5610309332430996,6390307787439722
1741,Mina,Beccero,67066941368530601,6394081046221512
1742,Bevan,Gabby,201916785578398,3557526548857569
1743,Judy,Payler,3544441918969315,201775945742157
1744,Melanie,Strettle,30203539578900,374283170994016
1745,Antons,Bool,5002355319839549,67625196547536904
1746,Webster,Hartnup,5602253240835575,3572623882536585
1747,Annamaria,Bramo,201928672867529,6379061051143081
1748,Jyoti,Matusson,30471863154081,3545823950283417
1749,Sterling,Delatour,374288464738680,201624091336267
1750,Gizela,Kivlehan,3570722122231643,3557974227360622
1751,Rosalynd,Tollet,3583708280015824,6334321478022230483
1752,Halley,Ewebank,3560414734013153,490530112344458752
1753,Sherlock,Iveans,3583210518222603,30127649760563
1754,Wash,Dymoke,3567901405101922,3575226675875553
1755,Marley,Wolfers,3533954788598983,4041378921629179
1756,Marji,Basten,3554755871149244,30487024105416
1757,Phillie,Blacktin,4508105788398028,374622227864237
1758,Bevon,Cornick,3560089326772398,30392422900337
1759,Jamima,Dunne,3555005716118593,337941065980681
1760,Cherry,Borsnall,3540855802155679,3551577771733700
1761,Shurwood,McAuslan,3535215974156764,3563950583913008
1762,Wynny,Weiss,50206249950322768,3533514671659522
1763,Garrett,Tree,5893057673404033,201943050733599
1764,Tawnya,Meneer,374288960891231,630400770043115201
1765,Tuesday,Stichel,3531819480124606,3584388150180419
1766,Sheree,Alven,3562838245614992,502006548570009396
1767,Leeann,Tomovic,5602254440642761,0604056636645637334
1768,Dela,Woolward,4844775065659830,30104384071365
1769,Rebekkah,Alvaro,4026036269244626,5602211019736209167
1770,Berenice,Pressey,371783557730522,5377069165821389
1771,Yehudi,Cadden,3561766526517629,6331106807617126036
1772,Hayley,Paladini,5282851082378179,3572086730603454
1773,Joelle,Callander,4017956667026,3560390162149190
1774,Cyndia,Banbrigge,3560042464543063,3538413646924969
1775,Bamby,Raithby,633347292333304072,3571349063087310
1776,Doralynne,Cockshott,5602211397819594,5239701765699355
1777,Alyce,Ivchenko,3570097199377417,3557622401217239
1778,Pauletta,Hedditeh,3572161563616574,3550254113378765
1779,Tracie,Mitroshinov,633110694063857614,6333624952586252766
1780,Humberto,Forlong,3561933397909869,589345001496651831
1781,Denice,Ferrier,56022178878031806,675975813792645992
1782,Kitty,Emblen,5641823549677722669,3543049520958534
1783,Gabey,Geall,201739399014083,6334777472984829
1784,Terence,Mendes,4026531790836940,3576947133505040
1785,Lucita,Caseley,3573904188174126,3575216971558540
1786,Dallas,Sentinella,3532956326701319,4508876560760532
1787,Rosalie,Markova,3534446233902224,3551004111904917
1788,Constantine,Fennelly,6761492342670871773,6706977786564727
1789,Elmira,Hartnell,3566578519467513,5100143407438569
1790,Urban,Milella,6333776607875499,5610745522757161884
1791,Giovanni,Libbe,633423730694921908,56022487375824104
1792,Thadeus,Elliker,4175004769612774,561038164545418940
1793,Quillan,Pond,3546705931501232,3545003240100420
1794,Kinnie,Suller,3564092490020582,3557398035813947
1795,Griselda,Malyon,670632318754062943,3554515079017340
1796,Charita,Ney,3559650135489202,3576980561027559
1797,Averil,Swadlin,5100171727767482,3568783819847236
1798,Madelin,Skitterel,30109516208751,5002357368468055
1799,Amy,Joiner,337941767968588,3588089402555186
1800,Maurine,Dufer,5602232336760186,3535461120536018
1801,Teresa,Waghorn,5540258885012831,3550909415060904
1802,Francois,Cardoo,3586196885237844,4917960814096094
1803,Donalt,Giacaponi,50189301243160884,3557100286693220
1804,Abbie,Whetland,491133886707825710,5610350687704346
1805,Sissie,Curteis,201675295603753,676340247078629410
1806,Ebeneser,Coddrington,337941036908381,201871277592425
1807,Nissa,Bratcher,675938609616160614,3567739821066521
1808,Claudetta,Igounet,6334401110414168228,6763941898093348
1809,Winifield,Wilcox,670968890917174470,30184292270382
1810,Moises,Jedrzejczak,3541791495988556,589367453343885687
1811,Kippy,Mealand,348357318859290,3582685198009050
1812,Sharon,Lorenzetti,30360978831446,6373375209706508
1813,Melva,Kassel,4844345295290317,5007665954080737
1814,Casi,Reid,3569278066625905,5555362310423027
1815,Cleavland,Jaegar,374283643426471,6759272778215678
1816,Mariette,Chuter,5437106308735155,30292407616736
1817,Diannne,Mycock,3569213360911719,3562413203257570
1818,Shanie,de Banke,493601691454704509,201940000220644
1819,Christine,Jude,3554925523888727,3529816465039514
1820,Leelah,Buchanan,5002356487482898,5610563403036872
1821,Maire,Oehm,675958768877374325,5318283011846241
1822,Ashia,Biles,3544450729193205,3529339205176660
1823,Iris,Castellet,3572198409962259,3542046133442030
1824,Rafa,Vardey,5010126349152074,5038073837669987
1825,Pierson,Pridding,5602249542805931748,5100131600634761
1826,Kristofer,Sorbie,5433409510376253,502092139373973072
1827,Alfy,Stilliard,5118814250978188,3570914017850781
1828,Laryssa,Clouston,3567173425019605,3582629618145425
1829,Chevy,Fasham,3551073139586394,30508370135085
1830,Jena,Penhearow,370872498417694,5602235462149009
1831,Ode,Stancer,4026358255243473,5602210142282041
1832,Barbabra,Custard,3575477497703537,4041593263627
1833,Sandye,Jeenes,67620517668893060,5602216353642211
1834,Shanan,Mussolini,3584604586215425,5602241316741621913
1835,Isobel,Churn,4508503112696457,5602231545526347
1836,Henrietta,Di Biagi,3571435882469829,3561030367432350
1837,Maybelle,Bembrigg,30392800175452,3574552071390843
1838,Sharleen,Sharphurst,3589417739598281,6334130391614699
1839,Tonnie,Fabler,676336731454013816,378475098637786
1840,Karin,Swabey,5007663010887047,6333017273126308017
1841,Becky,Gascar,374622497261858,6759538728907535
1842,Carce,Rizzo,3587904194544407,4041598013410853
1843,Wilow,Marde,4936204491213921,373165456418805
1844,Dael,Muddicliffe,201779337199182,201710298342412
1845,Marlin,Oxenden,4903982174104893389,3543822219158719
1846,Herman,Gribbell,3567604263499483,3564853862461591
1847,Salome,Mustoe,5602250995473958,30483540723808
1848,Myrtle,Charpin,3568162405048840,5007667262431446
1849,Lurline,Farherty,201430043791967,3582228501969478
1850,Elden,MacCafferky,5574260594912375,3574106071681360
1851,Darill,Esley,337941314743344,5100143835361326
1852,Dotti,Venditto,30080660740164,3543308069396658
1853,Mirabel,Farrans,501822368895401077,337941611262626
1854,Micki,Kingdon,4903269571560613348,3564251117670522
1855,Bordy,Hennemann,30371725202518,201687561286957
1856,Conni,Moyne,4393142728216,5602226455134215
1857,Anabal,Goodbody,5002354712778255,5602218995836037
1858,Merrill,Grumell,67633282092124047,3578202977309150
1859,Ezechiel,Sommerville,3558106114777480,3581624234546636
1860,Keary,Siddens,3588167234945534,06048250671399949
1861,Mart,Hansard,3583232241910825,5214085314902414
1862,Wittie,Lyptrade,201477338089649,5542943469380377
1863,Davin,Hughman,3575537438643769,5100146954954698
1864,Hettie,Corroyer,3575009192812436,3549890052990427
1865,Lotte,Hendriks,201535068622184,201824691064240
1866,Willis,Epton,5010129523336141,3568753958858328
1867,Stanly,O' Liddy,3560233275001157,3570955226179868
1868,Dori,Romanelli,3544698113211278,3530569571247383
1869,Wilfrid,Shreeve,3541878541164629,5602257762375860
1870,Dynah,Ingleby,5610937368660175,5475272521309542
1871,Noni,Clopton,5048373437587367,3561394967938202
1872,Almeta,Bedinham,3577699138142274,3547341154698643
1873,Shantee,McQuirk,3528933346165441,3561275962764745
1874,Eugenio,Waterstone,5430844167183748,6709200464761508
1875,Dee,Digger,5610427012769606,3583878239600933
1876,Tatiania,MacGillreich,4017958976674350,5429817605530004
1877,Astrix,Heaviside,6331104405309896,3558918428427374
1878,Glen,Rowbury,5602248013685314,3540491918017452
1879,Imelda,Jaggi,5602216681113448,0604775662266417
1880,Deva,Buckeridge,4041378558915180,6771182751637474154
1881,Winnie,Vynall,3535257760706501,50206535681087690
1882,Janie,Cleeves,5020013797329875,30419909655165
1883,Katherina,Bendan,3579418607158382,3570158188581623
1884,Pedro,Kopje,676206165547919621,490534529861530364
1885,Shanan,Bycraft,676382872582730625,3542307081430678
1886,Connie,Kinane,3583155929868587,4844845219844206
1887,Birgit,Ramsden,5641829390866446,4017953925201355
1888,Doloritas,Abells,560224784346298922,56022307341665995
1889,Nikolas,Kirrens,3547155927876702,3566993370396257
1890,Gabriellia,Birwhistle,490560598009468537,3568668443564275
1891,Emmy,Steinhammer,3533486103068186,4903695452379903424
1892,Dalston,Tonkin,3539863820749120,30180785406889
1893,Rozamond,Cornock,676347186400504409,374288024322769
1894,Walther,Garn,3559267593048907,5002353310311824
1895,Redd,Lindborg,3589155333236904,5100172892076261
1896,Sharon,Geraudy,3540549393182529,201702304700378
1897,Barton,Root,6771521127423241,5010124502485191
1898,Sibelle,Hawler,3579240918424125,4017957485743292
1899,Alvina,Heinz,6304168150915556,67637086878021988
1900,Catriona,Kays,337941316206555,3555097576299787
1901,Kendrick,Shearer,3565085652055577,3540010892658014
1902,Arliene,Cassin,3542644786850796,3589655009463351
1903,Jessie,Desbrow,3569912284523043,3561139631309086
1904,Cindelyn,Stroud,341274788842150,5100171615894414
1905,Ambrosi,Finding,3565551185331736,6304146530839696
1906,Billy,Iskov,374622385293062,3556716693913462
1907,Kelly,Younghusband,67629821092653624,5010120925359914
1908,Skipper,Penni,4508626827711749,36757394024007
1909,Tobit,Auld,5602258064800639,5135468665312316
1910,Wylie,Soppeth,3580300366545404,3549432926454106
1911,Emmett,Heaseman,5369561946612681,3546828313186412
1912,Chelsie,Danilyak,5020039771495218,3554984134976348
1913,Harli,Haymes,5483733594668502,3530935334565132
1914,Cilka,Ascrofte,6709408472112164,560224008844913703
1915,Earlie,Makinson,3540404321296423,5610313289556639
1916,Ag,Crewes,670635886421330346,3584656266418737
1917,Albert,Souza,3547499881311474,374288803249035
1918,Darryl,Eppson,50381608570656953,374288989864938
1919,Becki,Reggiani,4911236861949501,503864524126366795
1920,Doe,Andreazzi,5425566937933097,3529312333400443
1921,Barry,Jenkins,5100146052809695,6771726918769302
1922,Jodee,Lanfere,5610304741158221,30004433957863
1923,Glenn,Lammin,3549774320021175,3577047897591234
1924,Clarice,Thorsby,5504941877412150,30452996622541
1925,Guillaume,Luciani,6388901785121367,201609781714477
1926,Ase,Ander,6761498931475794,5641826997680295776
1927,Corny,Mertel,3573945182925120,5100179032799546
1928,Sabina,Markham,3534142055663453,56104620252576642
1929,Jorey,Stuer,3584012968674526,5602228626519787
1930,Raddie,Gawthorpe,4913360221343466,5010129202574699
1931,Pearl,Lysons,3546378274718647,5414995048846901
1932,Alexa,Dench,201405500000946,3561254178731335
1933,Emmaline,Beardsall,3562220822339576,5207369507162070
1934,Hartley,Creaney,3553603176391197,6763605181653072
1935,Welbie,Gabby,372301999300603,372301907405528
1936,Clayton,Risman,3528232908171933,6762971045961305272
1937,Dehlia,Moralee,4017958931386926,3570754205325448
1938,Mackenzie,Haynesford,5100171473181151,374283851600064
1939,Faustine,Malek,3530937645462405,374288574005772
1940,Wallie,Longhurst,3561759910999586,6379426151612758
1941,Archibald,Grent,50205916340357073,30421049415211
1942,Veriee,Prandini,6376337928683308,56022564450453429
1943,Sabra,Bootland,3552034694977526,5602226038480143
1944,Eldridge,Sprankling,3549790324728763,490371689835613187
1945,Adolpho,Gehringer,56022548393701234,5610968529162605421
1946,Nevin,Jimson,3554984971257539,4041590183489
1947,Adrien,Tordiffe,6771921448623505,3536679795373933
1948,Imojean,Swallwell,6373580364730538,3574987589426731
1949,Gav,Robun,3551139395007530,5100142177940606
1950,Kelcy,Battrick,30213420721238,0604556555753363209
1951,Roxane,Daniell,5020232744373063,560225074187064172
1952,Kerby,Howgate,6333311597438199414,3577779505875019
1953,Andie,Juppe,3543560022203062,3560990044316477
1954,Theobald,Glowach,5007661609097440,30595087896117
1955,Grannie,Ewbanck,3530097731164082,5557591314131107
1956,Isidora,Iban,4905204210820896,3540574022693100
1957,Ky,Grieger,3557311126549288,6767506688898220867
1958,Marji,Challice,5602221185562327312,374288617190037
1959,Kirbee,Hadfield,36063371572914,3555033206472361
1960,Lexis,Ailmer,6370907518720979,3586935531865544
1961,Joli,Kilsby,4041592001994,3545057724263401
1962,Fawne,Gomme,30175057818506,3579535511066029
1963,Marion,Abramino,379294866724406,5402411170970646
1964,Franky,Lakenton,5602244158202304,56022579661111558
1965,Yardley,Bendell,5002358000681287,30443033589801
1966,Leona,Umney,4017959209289099,4936006568984980657
1967,Stafford,Bunn,30030492864641,5100140306869704
1968,Mill,Diego,3583771096508648,3546587731942430
1969,Madelyn,Wikey,3559248363871553,5602254048001923
1970,Jeana,Marmyon,201430163385194,3568112096528048
1971,Melvyn,Di Domenico,3566286075012950,3575409494831680
1972,Barri,Wylder,3573180720362772,6709187931963682043
1973,Codi,McKeever,67628614093939451,4041374019347
1974,Jeddy,Lingley,3555302644614615,3555952926200291
1975,Budd,Jimson,3577345072039015,4041598046807257
1976,Meir,Lackney,3533970055806362,6371491471366681
1977,Dar,Gellibrand,3584369031936534,6391372735294222
1978,Celestyn,Goldney,3534757994371411,5002352718154414
1979,Patrice,Rosenblatt,30174669009075,3532297766363660
1980,Saloma,Ritchings,3575699766210585,3528506308992190
1981,Roxanne,Redemile,676102400764561078,4405065117069787
1982,Ortensia,Sothern,3578226303882960,3573719811798640
1983,Eldon,Tames,3531788647198128,4911163479345429
1984,Danica,Burniston,67061610650645543,3551195833516912
1985,Marve,Micco,6383766177567096,3547751235455161
1986,Blaine,Beneyto,4405318737413327,3576252203415778
1987,Sarene,Ferriere,5100179796751915,3554428425962310
1988,Guglielma,Gotliffe,6709028478594211555,3584165402995590
1989,Valaria,Doale,4903518557387025,3561798745260855
1990,Nixie,Sherborn,5007665280818289,3586626736129857
1991,Anstice,Pettiford,3532341381024016,676385072963957411
1992,Alejoa,Bloan,4936606262718056117,5211903720297380
1993,Lilah,Eadmeades,3544190905590655,201916414175863
1994,Sherrie,Patnelli,3554033159597066,3563617696575459
1995,Angelico,Looker,3531407782191216,201458933793207
1996,Ofelia,Armistead,4913488555109433,5201699973722064
1997,Erv,Stopforth,4175003764589573,5602259819615504
1998,Earle,Blackmore,3576475712509829,5610256075188564
1999,Delia,Isitt,4905308795649850971,6334727469679747101
2000,Alyse,Jime,5563896600207277,30352011675211
